,PassengerId,Survived,Pclass,Sex,Age,SibSp,Parch,Embarked,Deck
0,1,0,3,male,22.0,1,0,S,C
1,2,1,1,female,38.0,1,0,C,C
2,3,1,3,female,26.0,0,0,S,C
3,4,1,1,female,35.0,1,0,S,C
4,5,0,3,male,35.0,0,0,S,C
5,6,0,3,male,C,0,0,Q,C
6,7,0,1,male,54.0,0,0,S,E
7,8,0,3,male,2.0,3,1,S,C
8,9,1,3,female,27.0,0,2,S,C
9,10,1,2,female,14.0,1,0,C,C
10,11,1,3,female,4.0,1,1,S,G
11,12,1,1,female,58.0,0,0,S,C
12,13,0,3,male,20.0,0,0,S,C
13,14,0,3,male,39.0,1,5,S,C
14,15,0,3,female,14.0,0,0,S,C
15,16,1,2,female,55.0,0,0,S,C
16,17,0,3,male,2.0,4,1,Q,C
17,18,1,2,male,C,0,0,S,C
18,19,0,3,female,31.0,1,0,S,C
19,20,1,3,female,C,0,0,C,C
20,21,0,2,male,35.0,0,0,S,C
21,22,1,2,male,34.0,0,0,S,D
22,23,1,3,female,15.0,0,0,Q,C
23,24,1,1,male,28.0,0,0,S,A
24,25,0,3,female,8.0,3,1,S,C
25,26,1,3,female,38.0,1,5,S,C
26,27,0,3,male,C,0,0,C,C
27,28,0,1,male,19.0,3,2,S,C C C
28,29,1,3,female,C,0,0,Q,C
29,30,0,3,male,C,0,0,S,C
30,31,0,1,male,40.0,0,0,C,C
31,32,1,1,female,C,1,0,C,B
32,33,1,3,female,C,0,0,Q,C
33,34,0,2,male,66.0,0,0,S,C
34,35,0,1,male,28.0,1,0,C,C
35,36,0,1,male,42.0,1,0,S,C
36,37,1,3,male,C,0,0,C,C
37,38,0,3,male,21.0,0,0,S,C
38,39,0,3,female,18.0,2,0,S,C
39,40,1,3,female,14.0,1,0,C,C
40,41,0,3,female,40.0,1,0,S,C
41,42,0,2,female,27.0,1,0,S,C
42,43,0,3,male,C,0,0,C,C
43,44,1,2,female,3.0,1,2,C,C
44,45,1,3,female,19.0,0,0,Q,C
45,46,0,3,male,C,0,0,S,C
46,47,0,3,male,C,1,0,Q,C
47,48,1,3,female,C,0,0,Q,C
48,49,0,3,male,C,2,0,C,C
49,50,0,3,female,18.0,1,0,S,C
50,51,0,3,male,7.0,4,1,S,C
51,52,0,3,male,21.0,0,0,S,C
52,53,1,1,female,49.0,1,0,C,D
53,54,1,2,female,29.0,1,0,S,C
54,55,0,1,male,65.0,0,1,C,B
55,56,1,1,male,C,0,0,S,C
56,57,1,2,female,21.0,0,0,S,C
57,58,0,3,male,28.5,0,0,C,C
58,59,1,2,female,5.0,1,2,S,C
59,60,0,3,male,11.0,5,2,S,C
60,61,0,3,male,22.0,0,0,C,C
61,62,1,1,female,38.0,0,0,C,B
62,63,0,1,male,45.0,1,0,S,C
63,64,0,3,male,4.0,3,2,S,C
64,65,0,1,male,C,0,0,C,C
65,66,1,3,male,C,1,1,C,C
66,67,1,2,female,29.0,0,0,S,F
67,68,0,3,male,19.0,0,0,S,C
68,69,1,3,female,17.0,4,2,S,C
69,70,0,3,male,26.0,2,0,S,C
70,71,0,2,male,32.0,0,0,S,C
71,72,0,3,female,16.0,5,2,S,C
72,73,0,2,male,21.0,0,0,S,C
73,74,0,3,male,26.0,1,0,C,C
74,75,1,3,male,32.0,0,0,S,C
75,76,0,3,male,25.0,0,0,S,F G
76,77,0,3,male,C,0,0,S,C
77,78,0,3,male,C,0,0,S,C
78,79,1,2,male,0.83,0,2,S,C
79,80,1,3,female,30.0,0,0,S,C
80,81,0,3,male,22.0,0,0,S,C
81,82,1,3,male,29.0,0,0,S,C
82,83,1,3,female,C,0,0,Q,C
83,84,0,1,male,28.0,0,0,S,C
84,85,1,2,female,17.0,0,0,S,C
85,86,1,3,female,33.0,3,0,S,C
86,87,0,3,male,16.0,1,3,S,C
87,88,0,3,male,C,0,0,S,C
88,89,1,1,female,23.0,3,2,S,C C C
89,90,0,3,male,24.0,0,0,S,C
90,91,0,3,male,29.0,0,0,S,C
91,92,0,3,male,20.0,0,0,S,C
92,93,0,1,male,46.0,1,0,S,E
93,94,0,3,male,26.0,1,2,S,C
94,95,0,3,male,59.0,0,0,S,C
95,96,0,3,male,C,0,0,S,C
96,97,0,1,male,71.0,0,0,C,A
97,98,1,1,male,23.0,0,1,C,D D
98,99,1,2,female,34.0,0,1,S,C
99,100,0,2,male,34.0,1,0,S,C
100,101,0,3,female,28.0,0,0,S,C
101,102,0,3,male,C,0,0,S,C
102,103,0,1,male,21.0,0,1,S,D
103,104,0,3,male,33.0,0,0,S,C
104,105,0,3,male,37.0,2,0,S,C
105,106,0,3,male,28.0,0,0,S,C
106,107,1,3,female,21.0,0,0,S,C
107,108,1,3,male,C,0,0,S,C
108,109,0,3,male,38.0,0,0,S,C
109,110,1,3,female,C,1,0,Q,C
110,111,0,1,male,47.0,0,0,S,C
111,112,0,3,female,14.5,1,0,C,C
112,113,0,3,male,22.0,0,0,S,C
113,114,0,3,female,20.0,1,0,S,C
114,115,0,3,female,17.0,0,0,C,C
115,116,0,3,male,21.0,0,0,S,C
116,117,0,3,male,70.5,0,0,Q,C
117,118,0,2,male,29.0,1,0,S,C
118,119,0,1,male,24.0,0,1,C,B B
119,120,0,3,female,2.0,4,2,S,C
120,121,0,2,male,21.0,2,0,S,C
121,122,0,3,male,C,0,0,S,C
122,123,0,2,male,32.5,1,0,C,C
123,124,1,2,female,32.5,0,0,S,E
124,125,0,1,male,54.0,0,1,S,D
125,126,1,3,male,12.0,1,0,C,C
126,127,0,3,male,C,0,0,Q,C
127,128,1,3,male,24.0,0,0,S,C
128,129,1,3,female,C,1,1,C,F E
129,130,0,3,male,45.0,0,0,S,C
130,131,0,3,male,33.0,0,0,C,C
131,132,0,3,male,20.0,0,0,S,C
132,133,0,3,female,47.0,1,0,S,C
133,134,1,2,female,29.0,1,0,S,C
134,135,0,2,male,25.0,0,0,S,C
135,136,0,2,male,23.0,0,0,C,C
136,137,1,1,female,19.0,0,2,S,D
137,138,0,1,male,37.0,1,0,S,C
138,139,0,3,male,16.0,0,0,S,C
139,140,0,1,male,24.0,0,0,C,B
140,141,0,3,female,C,0,2,C,C
141,142,1,3,female,22.0,0,0,S,C
142,143,1,3,female,24.0,1,0,S,C
143,144,0,3,male,19.0,0,0,Q,C
144,145,0,2,male,18.0,0,0,S,C
145,146,0,2,male,19.0,1,1,S,C
146,147,1,3,male,27.0,0,0,S,C
147,148,0,3,female,9.0,2,2,S,C
148,149,0,2,male,36.5,0,2,S,F
149,150,0,2,male,42.0,0,0,S,C
150,151,0,2,male,51.0,0,0,S,C
151,152,1,1,female,22.0,1,0,S,C
152,153,0,3,male,55.5,0,0,S,C
153,154,0,3,male,40.5,0,2,S,C
154,155,0,3,male,C,0,0,S,C
155,156,0,1,male,51.0,0,1,C,C
156,157,1,3,female,16.0,0,0,Q,C
157,158,0,3,male,30.0,0,0,S,C
158,159,0,3,male,C,0,0,S,C
159,160,0,3,male,C,8,2,S,C
160,161,0,3,male,44.0,0,1,S,C
161,162,1,2,female,40.0,0,0,S,C
162,163,0,3,male,26.0,0,0,S,C
163,164,0,3,male,17.0,0,0,S,C
164,165,0,3,male,1.0,4,1,S,C
165,166,1,3,male,9.0,0,2,S,C
166,167,1,1,female,C,0,1,S,E
167,168,0,3,female,45.0,1,4,S,C
168,169,0,1,male,C,0,0,S,C
169,170,0,3,male,28.0,0,0,S,C
170,171,0,1,male,61.0,0,0,S,B
171,172,0,3,male,4.0,4,1,Q,C
172,173,1,3,female,1.0,1,1,S,C
173,174,0,3,male,21.0,0,0,S,C
174,175,0,1,male,56.0,0,0,C,A
175,176,0,3,male,18.0,1,1,S,C
176,177,0,3,male,C,3,1,S,C
177,178,0,1,female,50.0,0,0,C,C
178,179,0,2,male,30.0,0,0,S,C
179,180,0,3,male,36.0,0,0,S,C
180,181,0,3,female,C,8,2,S,C
181,182,0,2,male,C,0,0,C,C
182,183,0,3,male,9.0,4,2,S,C
183,184,1,2,male,1.0,2,1,S,F
184,185,1,3,female,4.0,0,2,S,C
185,186,0,1,male,C,0,0,S,A
186,187,1,3,female,C,1,0,Q,C
187,188,1,1,male,45.0,0,0,S,C
188,189,0,3,male,40.0,1,1,Q,C
189,190,0,3,male,36.0,0,0,S,C
190,191,1,2,female,32.0,0,0,S,C
191,192,0,2,male,19.0,0,0,S,C
192,193,1,3,female,19.0,1,0,S,C
193,194,1,2,male,3.0,1,1,S,F
194,195,1,1,female,44.0,0,0,C,B
195,196,1,1,female,58.0,0,0,C,B
196,197,0,3,male,C,0,0,Q,C
197,198,0,3,male,42.0,0,1,S,C
198,199,1,3,female,C,0,0,Q,C
199,200,0,2,female,24.0,0,0,S,C
200,201,0,3,male,28.0,0,0,S,C
201,202,0,3,male,C,8,2,S,C
202,203,0,3,male,34.0,0,0,S,C
203,204,0,3,male,45.5,0,0,C,C
204,205,1,3,male,18.0,0,0,S,C
205,206,0,3,female,2.0,0,1,S,G
206,207,0,3,male,32.0,1,0,S,C
207,208,1,3,male,26.0,0,0,C,C
208,209,1,3,female,16.0,0,0,Q,C
209,210,1,1,male,40.0,0,0,C,A
210,211,0,3,male,24.0,0,0,S,C
211,212,1,2,female,35.0,0,0,S,C
212,213,0,3,male,22.0,0,0,S,C
213,214,0,2,male,30.0,0,0,S,C
214,215,0,3,male,C,1,0,Q,C
215,216,1,1,female,31.0,1,0,C,D
216,217,1,3,female,27.0,0,0,S,C
217,218,0,2,male,42.0,1,0,S,C
218,219,1,1,female,32.0,0,0,C,D
219,220,0,2,male,30.0,0,0,S,C
220,221,1,3,male,16.0,0,0,S,C
221,222,0,2,male,27.0,0,0,S,C
222,223,0,3,male,51.0,0,0,S,C
223,224,0,3,male,C,0,0,S,C
224,225,1,1,male,38.0,1,0,S,C
225,226,0,3,male,22.0,0,0,S,C
226,227,1,2,male,19.0,0,0,S,C
227,228,0,3,male,20.5,0,0,S,C
228,229,0,2,male,18.0,0,0,S,C
229,230,0,3,female,C,3,1,S,C
230,231,1,1,female,35.0,1,0,S,C
231,232,0,3,male,29.0,0,0,S,C
232,233,0,2,male,59.0,0,0,S,C
233,234,1,3,female,5.0,4,2,S,C
234,235,0,2,male,24.0,0,0,S,C
235,236,0,3,female,C,0,0,S,C
236,237,0,2,male,44.0,1,0,S,C
237,238,1,2,female,8.0,0,2,S,C
238,239,0,2,male,19.0,0,0,S,C
239,240,0,2,male,33.0,0,0,S,C
240,241,0,3,female,C,1,0,C,C
241,242,1,3,female,C,1,0,Q,C
242,243,0,2,male,29.0,0,0,S,C
243,244,0,3,male,22.0,0,0,S,C
244,245,0,3,male,30.0,0,0,C,C
245,246,0,1,male,44.0,2,0,Q,C
246,247,0,3,female,25.0,0,0,S,C
247,248,1,2,female,24.0,0,2,S,C
248,249,1,1,male,37.0,1,1,S,D
249,250,0,2,male,54.0,1,0,S,C
250,251,0,3,male,C,0,0,S,C
251,252,0,3,female,29.0,1,1,S,G
252,253,0,1,male,62.0,0,0,S,C
253,254,0,3,male,30.0,1,0,S,C
254,255,0,3,female,41.0,0,2,S,C
255,256,1,3,female,29.0,0,2,C,C
256,257,1,1,female,C,0,0,C,C
257,258,1,1,female,30.0,0,0,S,B
258,259,1,1,female,35.0,0,0,C,C
259,260,1,2,female,50.0,0,1,S,C
260,261,0,3,male,C,0,0,Q,C
261,262,1,3,male,3.0,4,2,S,C
262,263,0,1,male,52.0,1,1,S,E
263,264,0,1,male,40.0,0,0,S,B
264,265,0,3,female,C,0,0,Q,C
265,266,0,2,male,36.0,0,0,S,C
266,267,0,3,male,16.0,4,1,S,C
267,268,1,3,male,25.0,1,0,S,C
268,269,1,1,female,58.0,0,1,S,C
269,270,1,1,female,35.0,0,0,S,C
270,271,0,1,male,C,0,0,S,C
271,272,1,3,male,25.0,0,0,S,C
272,273,1,2,female,41.0,0,1,S,C
273,274,0,1,male,37.0,0,1,C,C
274,275,1,3,female,C,0,0,Q,C
275,276,1,1,female,63.0,1,0,S,D
276,277,0,3,female,45.0,0,0,S,C
277,278,0,2,male,C,0,0,S,C
278,279,0,3,male,7.0,4,1,Q,C
279,280,1,3,female,35.0,1,1,S,C
280,281,0,3,male,65.0,0,0,Q,C
281,282,0,3,male,28.0,0,0,S,C
282,283,0,3,male,16.0,0,0,S,C
283,284,1,3,male,19.0,0,0,S,C
284,285,0,1,male,C,0,0,S,A
285,286,0,3,male,33.0,0,0,C,C
286,287,1,3,male,30.0,0,0,S,C
287,288,0,3,male,22.0,0,0,S,C
288,289,1,2,male,42.0,0,0,S,C
289,290,1,3,female,22.0,0,0,Q,C
290,291,1,1,female,26.0,0,0,S,C
291,292,1,1,female,19.0,1,0,C,B
292,293,0,2,male,36.0,0,0,C,D
293,294,0,3,female,24.0,0,0,S,C
294,295,0,3,male,24.0,0,0,S,C
295,296,0,1,male,C,0,0,C,C
296,297,0,3,male,23.5,0,0,C,C
297,298,0,1,female,2.0,1,2,S,C C
298,299,1,1,male,C,0,0,S,C
299,300,1,1,female,50.0,0,1,C,B B
300,301,1,3,female,C,0,0,Q,C
301,302,1,3,male,C,2,0,Q,C
302,303,0,3,male,19.0,0,0,S,C
303,304,1,2,female,C,0,0,Q,E
304,305,0,3,male,C,0,0,S,C
305,306,1,1,male,0.92,1,2,S,C C
306,307,1,1,female,C,0,0,C,C
307,308,1,1,female,17.0,1,0,C,C
308,309,0,2,male,30.0,1,0,C,C
309,310,1,1,female,30.0,0,0,C,E
310,311,1,1,female,24.0,0,0,C,C
311,312,1,1,female,18.0,2,2,C,B B B B
312,313,0,2,female,26.0,1,1,S,C
313,314,0,3,male,28.0,0,0,S,C
314,315,0,2,male,43.0,1,1,S,C
315,316,1,3,female,26.0,0,0,S,C
316,317,1,2,female,24.0,1,0,S,C
317,318,0,2,male,54.0,0,0,S,C
318,319,1,1,female,31.0,0,2,S,C
319,320,1,1,female,40.0,1,1,C,E
320,321,0,3,male,22.0,0,0,S,C
321,322,0,3,male,27.0,0,0,S,C
322,323,1,2,female,30.0,0,0,Q,C
323,324,1,2,female,22.0,1,1,S,C
324,325,0,3,male,C,8,2,S,C
325,326,1,1,female,36.0,0,0,C,C
326,327,0,3,male,61.0,0,0,S,C
327,328,1,2,female,36.0,0,0,S,D
328,329,1,3,female,31.0,1,1,S,C
329,330,1,1,female,16.0,0,1,C,B
330,331,1,3,female,C,2,0,Q,C
331,332,0,1,male,45.5,0,0,S,C
332,333,0,1,male,38.0,0,1,S,C
333,334,0,3,male,16.0,2,0,S,C
334,335,1,1,female,C,1,0,S,C
335,336,0,3,male,C,0,0,S,C
336,337,0,1,male,29.0,1,0,S,C
337,338,1,1,female,41.0,0,0,C,E
338,339,1,3,male,45.0,0,0,S,C
339,340,0,1,male,45.0,0,0,S,T
340,341,1,2,male,2.0,1,1,S,F
341,342,1,1,female,24.0,3,2,S,C C C
342,343,0,2,male,28.0,0,0,S,C
343,344,0,2,male,25.0,0,0,S,C
344,345,0,2,male,36.0,0,0,S,C
345,346,1,2,female,24.0,0,0,S,F
346,347,1,2,female,40.0,0,0,S,C
347,348,1,3,female,C,1,0,S,C
348,349,1,3,male,3.0,1,1,S,C
349,350,0,3,male,42.0,0,0,S,C
350,351,0,3,male,23.0,0,0,S,C
351,352,0,1,male,C,0,0,S,C
352,353,0,3,male,15.0,1,1,C,C
353,354,0,3,male,25.0,1,0,S,C
354,355,0,3,male,C,0,0,C,C
355,356,0,3,male,28.0,0,0,S,C
356,357,1,1,female,22.0,0,1,S,E
357,358,0,2,female,38.0,0,0,S,C
358,359,1,3,female,C,0,0,Q,C
359,360,1,3,female,C,0,0,Q,C
360,361,0,3,male,40.0,1,4,S,C
361,362,0,2,male,29.0,1,0,C,C
362,363,0,3,female,45.0,0,1,C,C
363,364,0,3,male,35.0,0,0,S,C
364,365,0,3,male,C,1,0,Q,C
365,366,0,3,male,30.0,0,0,S,C
366,367,1,1,female,60.0,1,0,C,D
367,368,1,3,female,C,0,0,C,C
368,369,1,3,female,C,0,0,Q,C
369,370,1,1,female,24.0,0,0,C,B
370,371,1,1,male,25.0,1,0,C,E
371,372,0,3,male,18.0,1,0,S,C
372,373,0,3,male,19.0,0,0,S,C
373,374,0,1,male,22.0,0,0,C,C
374,375,0,3,female,3.0,3,1,S,C
375,376,1,1,female,C,1,0,C,C
376,377,1,3,female,22.0,0,0,S,C
377,378,0,1,male,27.0,0,2,C,C
378,379,0,3,male,20.0,0,0,C,C
379,380,0,3,male,19.0,0,0,S,C
380,381,1,1,female,42.0,0,0,C,C
381,382,1,3,female,1.0,0,2,C,C
382,383,0,3,male,32.0,0,0,S,C
383,384,1,1,female,35.0,1,0,S,C
384,385,0,3,male,C,0,0,S,C
385,386,0,2,male,18.0,0,0,S,C
386,387,0,3,male,1.0,5,2,S,C
387,388,1,2,female,36.0,0,0,S,C
388,389,0,3,male,C,0,0,Q,C
389,390,1,2,female,17.0,0,0,C,C
390,391,1,1,male,36.0,1,2,S,B B
391,392,1,3,male,21.0,0,0,S,C
392,393,0,3,male,28.0,2,0,S,C
393,394,1,1,female,23.0,1,0,C,D
394,395,1,3,female,24.0,0,2,S,G
395,396,0,3,male,22.0,0,0,S,C
396,397,0,3,female,31.0,0,0,S,C
397,398,0,2,male,46.0,0,0,S,C
398,399,0,2,male,23.0,0,0,S,C
399,400,1,2,female,28.0,0,0,S,C
400,401,1,3,male,39.0,0,0,S,C
401,402,0,3,male,26.0,0,0,S,C
402,403,0,3,female,21.0,1,0,S,C
403,404,0,3,male,28.0,1,0,S,C
404,405,0,3,female,20.0,0,0,S,C
405,406,0,2,male,34.0,1,0,S,C
406,407,0,3,male,51.0,0,0,S,C
407,408,1,2,male,3.0,1,1,S,C
408,409,0,3,male,21.0,0,0,S,C
409,410,0,3,female,C,3,1,S,C
410,411,0,3,male,C,0,0,S,C
411,412,0,3,male,C,0,0,Q,C
412,413,1,1,female,33.0,1,0,Q,C
413,414,0,2,male,C,0,0,S,C
414,415,1,3,male,44.0,0,0,S,C
415,416,0,3,female,C,0,0,S,C
416,417,1,2,female,34.0,1,1,S,C
417,418,1,2,female,18.0,0,2,S,C
418,419,0,2,male,30.0,0,0,S,C
419,420,0,3,female,10.0,0,2,S,C
420,421,0,3,male,C,0,0,C,C
421,422,0,3,male,21.0,0,0,Q,C
422,423,0,3,male,29.0,0,0,S,C
423,424,0,3,female,28.0,1,1,S,C
424,425,0,3,male,18.0,1,1,S,C
425,426,0,3,male,C,0,0,S,C
426,427,1,2,female,28.0,1,0,S,C
427,428,1,2,female,19.0,0,0,S,C
428,429,0,3,male,C,0,0,Q,C
429,430,1,3,male,32.0,0,0,S,E
430,431,1,1,male,28.0,0,0,S,C
431,432,1,3,female,C,1,0,S,C
432,433,1,2,female,42.0,1,0,S,C
433,434,0,3,male,17.0,0,0,S,C
434,435,0,1,male,50.0,1,0,S,E
435,436,1,1,female,14.0,1,2,S,B B
436,437,0,3,female,21.0,2,2,S,C
437,438,1,2,female,24.0,2,3,S,C
438,439,0,1,male,64.0,1,4,S,C C C
439,440,0,2,male,31.0,0,0,S,C
440,441,1,2,female,45.0,1,1,S,C
441,442,0,3,male,20.0,0,0,S,C
442,443,0,3,male,25.0,1,0,S,C
443,444,1,2,female,28.0,0,0,S,C
444,445,1,3,male,C,0,0,S,C
445,446,1,1,male,4.0,0,2,S,A
446,447,1,2,female,13.0,0,1,S,C
447,448,1,1,male,34.0,0,0,S,C
448,449,1,3,female,5.0,2,1,C,C
449,450,1,1,male,52.0,0,0,S,C
450,451,0,2,male,36.0,1,2,S,C
451,452,0,3,male,C,1,0,S,C
452,453,0,1,male,30.0,0,0,C,C
453,454,1,1,male,49.0,1,0,C,C
454,455,0,3,male,C,0,0,S,C
455,456,1,3,male,29.0,0,0,C,C
456,457,0,1,male,65.0,0,0,S,E
457,458,1,1,female,C,1,0,S,D
458,459,1,2,female,50.0,0,0,S,C
459,460,0,3,male,C,0,0,Q,C
460,461,1,1,male,48.0,0,0,S,E
461,462,0,3,male,34.0,0,0,S,C
462,463,0,1,male,47.0,0,0,S,E
463,464,0,2,male,48.0,0,0,S,C
464,465,0,3,male,C,0,0,S,C
465,466,0,3,male,38.0,0,0,S,C
466,467,0,2,male,C,0,0,S,C
467,468,0,1,male,56.0,0,0,S,C
468,469,0,3,male,C,0,0,Q,C
469,470,1,3,female,0.75,2,1,C,C
470,471,0,3,male,C,0,0,S,C
471,472,0,3,male,38.0,0,0,S,C
472,473,1,2,female,33.0,1,2,S,C
473,474,1,2,female,23.0,0,0,C,D
474,475,0,3,female,22.0,0,0,S,C
475,476,0,1,male,C,0,0,S,A
476,477,0,2,male,34.0,1,0,S,C
477,478,0,3,male,29.0,1,0,S,C
478,479,0,3,male,22.0,0,0,S,C
479,480,1,3,female,2.0,0,1,S,C
480,481,0,3,male,9.0,5,2,S,C
481,482,0,2,male,C,0,0,S,C
482,483,0,3,male,50.0,0,0,S,C
483,484,1,3,female,63.0,0,0,S,C
484,485,1,1,male,25.0,1,0,C,B
485,486,0,3,female,C,3,1,S,C
486,487,1,1,female,35.0,1,0,S,C
487,488,0,1,male,58.0,0,0,C,B
488,489,0,3,male,30.0,0,0,S,C
489,490,1,3,male,9.0,1,1,S,C
490,491,0,3,male,C,1,0,S,C
491,492,0,3,male,21.0,0,0,S,C
492,493,0,1,male,55.0,0,0,S,C
493,494,0,1,male,71.0,0,0,C,C
494,495,0,3,male,21.0,0,0,S,C
495,496,0,3,male,C,0,0,C,C
496,497,1,1,female,54.0,1,0,C,D
497,498,0,3,male,C,0,0,S,C
498,499,0,1,female,25.0,1,2,S,C C
499,500,0,3,male,24.0,0,0,S,C
500,501,0,3,male,17.0,0,0,S,C
501,502,0,3,female,21.0,0,0,Q,C
502,503,0,3,female,C,0,0,Q,C
503,504,0,3,female,37.0,0,0,S,C
504,505,1,1,female,16.0,0,0,S,B
505,506,0,1,male,18.0,1,0,C,C
506,507,1,2,female,33.0,0,2,S,C
507,508,1,1,male,C,0,0,S,C
508,509,0,3,male,28.0,0,0,S,C
509,510,1,3,male,26.0,0,0,S,C
510,511,1,3,male,29.0,0,0,Q,C
511,512,0,3,male,C,0,0,S,C
512,513,1,1,male,36.0,0,0,S,E
513,514,1,1,female,54.0,1,0,C,C
514,515,0,3,male,24.0,0,0,S,C
515,516,0,1,male,47.0,0,0,S,D
516,517,1,2,female,34.0,0,0,S,F
517,518,0,3,male,C,0,0,Q,C
518,519,1,2,female,36.0,1,0,S,C
519,520,0,3,male,32.0,0,0,S,C
520,521,1,1,female,30.0,0,0,S,B
521,522,0,3,male,22.0,0,0,S,C
522,523,0,3,male,C,0,0,C,C
523,524,1,1,female,44.0,0,1,C,B
524,525,0,3,male,C,0,0,C,C
525,526,0,3,male,40.5,0,0,Q,C
526,527,1,2,female,50.0,0,0,S,C
527,528,0,1,male,C,0,0,S,C
528,529,0,3,male,39.0,0,0,S,C
529,530,0,2,male,23.0,2,1,S,C
530,531,1,2,female,2.0,1,1,S,C
531,532,0,3,male,C,0,0,C,C
532,533,0,3,male,17.0,1,1,C,C
533,534,1,3,female,C,0,2,C,C
534,535,0,3,female,30.0,0,0,S,C
535,536,1,2,female,7.0,0,2,S,C
536,537,0,1,male,45.0,0,0,S,B
537,538,1,1,female,30.0,0,0,C,C
538,539,0,3,male,C,0,0,S,C
539,540,1,1,female,22.0,0,2,C,B
540,541,1,1,female,36.0,0,2,S,B
541,542,0,3,female,9.0,4,2,S,C
542,543,0,3,female,11.0,4,2,S,C
543,544,1,2,male,32.0,1,0,S,C
544,545,0,1,male,50.0,1,0,C,C
545,546,0,1,male,64.0,0,0,S,C
546,547,1,2,female,19.0,1,0,S,C
547,548,1,2,male,C,0,0,C,C
548,549,0,3,male,33.0,1,1,S,C
549,550,1,2,male,8.0,1,1,S,C
550,551,1,1,male,17.0,0,2,C,C
551,552,0,2,male,27.0,0,0,S,C
552,553,0,3,male,C,0,0,Q,C
553,554,1,3,male,22.0,0,0,C,C
554,555,1,3,female,22.0,0,0,S,C
555,556,0,1,male,62.0,0,0,S,C
556,557,1,1,female,48.0,1,0,C,A
557,558,0,1,male,C,0,0,C,C
558,559,1,1,female,39.0,1,1,S,E
559,560,1,3,female,36.0,1,0,S,C
560,561,0,3,male,C,0,0,Q,C
561,562,0,3,male,40.0,0,0,S,C
562,563,0,2,male,28.0,0,0,S,C
563,564,0,3,male,C,0,0,S,C
564,565,0,3,female,C,0,0,S,C
565,566,0,3,male,24.0,2,0,S,C
566,567,0,3,male,19.0,0,0,S,C
567,568,0,3,female,29.0,0,4,S,C
568,569,0,3,male,C,0,0,C,C
569,570,1,3,male,32.0,0,0,S,C
570,571,1,2,male,62.0,0,0,S,C
571,572,1,1,female,53.0,2,0,S,C
572,573,1,1,male,36.0,0,0,S,E
573,574,1,3,female,C,0,0,Q,C
574,575,0,3,male,16.0,0,0,S,C
575,576,0,3,male,19.0,0,0,S,C
576,577,1,2,female,34.0,0,0,S,C
577,578,1,1,female,39.0,1,0,S,E
578,579,0,3,female,C,1,0,C,C
579,580,1,3,male,32.0,0,0,S,C
580,581,1,2,female,25.0,1,1,S,C
581,582,1,1,female,39.0,1,1,C,C
582,583,0,2,male,54.0,0,0,S,C
583,584,0,1,male,36.0,0,0,C,A
584,585,0,3,male,C,0,0,C,C
585,586,1,1,female,18.0,0,2,S,E
586,587,0,2,male,47.0,0,0,S,C
587,588,1,1,male,60.0,1,1,C,B
588,589,0,3,male,22.0,0,0,S,C
589,590,0,3,male,C,0,0,S,C
590,591,0,3,male,35.0,0,0,S,C
591,592,1,1,female,52.0,1,0,C,D
592,593,0,3,male,47.0,0,0,S,C
593,594,0,3,female,C,0,2,Q,C
594,595,0,2,male,37.0,1,0,S,C
595,596,0,3,male,36.0,1,1,S,C
596,597,1,2,female,C,0,0,S,C
597,598,0,3,male,49.0,0,0,S,C
598,599,0,3,male,C,0,0,C,C
599,600,1,1,male,49.0,1,0,C,A
600,601,1,2,female,24.0,2,1,S,C
601,602,0,3,male,C,0,0,S,C
602,603,0,1,male,C,0,0,S,C
603,604,0,3,male,44.0,0,0,S,C
604,605,1,1,male,35.0,0,0,C,C
605,606,0,3,male,36.0,1,0,S,C
606,607,0,3,male,30.0,0,0,S,C
607,608,1,1,male,27.0,0,0,S,C
608,609,1,2,female,22.0,1,2,C,C
609,610,1,1,female,40.0,0,0,S,C
610,611,0,3,female,39.0,1,5,S,C
611,612,0,3,male,C,0,0,S,C
612,613,1,3,female,C,1,0,Q,C
613,614,0,3,male,C,0,0,Q,C
614,615,0,3,male,35.0,0,0,S,C
615,616,1,2,female,24.0,1,2,S,C
616,617,0,3,male,34.0,1,1,S,C
617,618,0,3,female,26.0,1,0,S,C
618,619,1,2,female,4.0,2,1,S,F
619,620,0,2,male,26.0,0,0,S,C
620,621,0,3,male,27.0,1,0,C,C
621,622,1,1,male,42.0,1,0,S,D
622,623,1,3,male,20.0,1,1,C,C
623,624,0,3,male,21.0,0,0,S,C
624,625,0,3,male,21.0,0,0,S,C
625,626,0,1,male,61.0,0,0,S,D
626,627,0,2,male,57.0,0,0,Q,C
627,628,1,1,female,21.0,0,0,S,D
628,629,0,3,male,26.0,0,0,S,C
629,630,0,3,male,C,0,0,Q,C
630,631,1,1,male,80.0,0,0,S,A
631,632,0,3,male,51.0,0,0,S,C
632,633,1,1,male,32.0,0,0,C,B
633,634,0,1,male,C,0,0,S,C
634,635,0,3,female,9.0,3,2,S,C
635,636,1,2,female,28.0,0,0,S,C
636,637,0,3,male,32.0,0,0,S,C
637,638,0,2,male,31.0,1,1,S,C
638,639,0,3,female,41.0,0,5,S,C
639,640,0,3,male,C,1,0,S,C
640,641,0,3,male,20.0,0,0,S,C
641,642,1,1,female,24.0,0,0,C,B
642,643,0,3,female,2.0,3,2,S,C
643,644,1,3,male,C,0,0,S,C
644,645,1,3,female,0.75,2,1,C,C
645,646,1,1,male,48.0,1,0,C,D
646,647,0,3,male,19.0,0,0,S,C
647,648,1,1,male,56.0,0,0,C,A
648,649,0,3,male,C,0,0,S,C
649,650,1,3,female,23.0,0,0,S,C
650,651,0,3,male,C,0,0,S,C
651,652,1,2,female,18.0,0,1,S,C
652,653,0,3,male,21.0,0,0,S,C
653,654,1,3,female,C,0,0,Q,C
654,655,0,3,female,18.0,0,0,Q,C
655,656,0,2,male,24.0,2,0,S,C
656,657,0,3,male,C,0,0,S,C
657,658,0,3,female,32.0,1,1,Q,C
658,659,0,2,male,23.0,0,0,S,C
659,660,0,1,male,58.0,0,2,C,D
660,661,1,1,male,50.0,2,0,S,C
661,662,0,3,male,40.0,0,0,C,C
662,663,0,1,male,47.0,0,0,S,E
663,664,0,3,male,36.0,0,0,S,C
664,665,1,3,male,20.0,1,0,S,C
665,666,0,2,male,32.0,2,0,S,C
666,667,0,2,male,25.0,0,0,S,C
667,668,0,3,male,C,0,0,S,C
668,669,0,3,male,43.0,0,0,S,C
669,670,1,1,female,C,1,0,S,C
670,671,1,2,female,40.0,1,1,S,C
671,672,0,1,male,31.0,1,0,S,B
672,673,0,2,male,70.0,0,0,S,C
673,674,1,2,male,31.0,0,0,S,C
674,675,0,2,male,C,0,0,S,C
675,676,0,3,male,18.0,0,0,S,C
676,677,0,3,male,24.5,0,0,S,C
677,678,1,3,female,18.0,0,0,S,C
678,679,0,3,female,43.0,1,6,S,C
679,680,1,1,male,36.0,0,1,C,B B B
680,681,0,3,female,C,0,0,Q,C
681,682,1,1,male,27.0,0,0,C,D
682,683,0,3,male,20.0,0,0,S,C
683,684,0,3,male,14.0,5,2,S,C
684,685,0,2,male,60.0,1,1,S,C
685,686,0,2,male,25.0,1,2,C,C
686,687,0,3,male,14.0,4,1,S,C
687,688,0,3,male,19.0,0,0,S,C
688,689,0,3,male,18.0,0,0,S,C
689,690,1,1,female,15.0,0,1,S,B
690,691,1,1,male,31.0,1,0,S,B
691,692,1,3,female,4.0,0,1,C,C
692,693,1,3,male,C,0,0,S,C
693,694,0,3,male,25.0,0,0,C,C
694,695,0,1,male,60.0,0,0,S,C
695,696,0,2,male,52.0,0,0,S,C
696,697,0,3,male,44.0,0,0,S,C
697,698,1,3,female,C,0,0,Q,C
698,699,0,1,male,49.0,1,1,C,C
699,700,0,3,male,42.0,0,0,S,F G
700,701,1,1,female,18.0,1,0,C,C C
701,702,1,1,male,35.0,0,0,S,E
702,703,0,3,female,18.0,0,1,C,C
703,704,0,3,male,25.0,0,0,Q,C
704,705,0,3,male,26.0,1,0,S,C
705,706,0,2,male,39.0,0,0,S,C
706,707,1,2,female,45.0,0,0,S,C
707,708,1,1,male,42.0,0,0,S,E
708,709,1,1,female,22.0,0,0,S,C
709,710,1,3,male,C,1,1,C,C
710,711,1,1,female,24.0,0,0,C,C
711,712,0,1,male,C,0,0,S,C
712,713,1,1,male,48.0,1,0,S,C
713,714,0,3,male,29.0,0,0,S,C
714,715,0,2,male,52.0,0,0,S,C
715,716,0,3,male,19.0,0,0,S,F G
716,717,1,1,female,38.0,0,0,C,C
717,718,1,2,female,27.0,0,0,S,E
718,719,0,3,male,C,0,0,Q,C
719,720,0,3,male,33.0,0,0,S,C
720,721,1,2,female,6.0,0,1,S,C
721,722,0,3,male,17.0,1,0,S,C
722,723,0,2,male,34.0,0,0,S,C
723,724,0,2,male,50.0,0,0,S,C
724,725,1,1,male,27.0,1,0,S,E
725,726,0,3,male,20.0,0,0,S,C
726,727,1,2,female,30.0,3,0,S,C
727,728,1,3,female,C,0,0,Q,C
728,729,0,2,male,25.0,1,0,S,C
729,730,0,3,female,25.0,1,0,S,C
730,731,1,1,female,29.0,0,0,S,B
731,732,0,3,male,11.0,0,0,C,C
732,733,0,2,male,C,0,0,S,C
733,734,0,2,male,23.0,0,0,S,C
734,735,0,2,male,23.0,0,0,S,C
735,736,0,3,male,28.5,0,0,S,C
736,737,0,3,female,48.0,1,3,S,C
737,738,1,1,male,35.0,0,0,C,B
738,739,0,3,male,C,0,0,S,C
739,740,0,3,male,C,0,0,S,C
740,741,1,1,male,C,0,0,S,D
741,742,0,1,male,36.0,1,0,S,C
742,743,1,1,female,21.0,2,2,C,B B B B
743,744,0,3,male,24.0,1,0,S,C
744,745,1,3,male,31.0,0,0,S,C
745,746,0,1,male,70.0,1,1,S,B
746,747,0,3,male,16.0,1,1,S,C
747,748,1,2,female,30.0,0,0,S,C
748,749,0,1,male,19.0,1,0,S,D
749,750,0,3,male,31.0,0,0,Q,C
750,751,1,2,female,4.0,1,1,S,C
751,752,1,3,male,6.0,0,1,S,E
752,753,0,3,male,33.0,0,0,S,C
753,754,0,3,male,23.0,0,0,S,C
754,755,1,2,female,48.0,1,2,S,C
755,756,1,2,male,0.67,1,1,S,C
756,757,0,3,male,28.0,0,0,S,C
757,758,0,2,male,18.0,0,0,S,C
758,759,0,3,male,34.0,0,0,S,C
759,760,1,1,female,33.0,0,0,S,B
760,761,0,3,male,C,0,0,S,C
761,762,0,3,male,41.0,0,0,S,C
762,763,1,3,male,20.0,0,0,C,C
763,764,1,1,female,36.0,1,2,S,B B
764,765,0,3,male,16.0,0,0,S,C
765,766,1,1,female,51.0,1,0,S,D
766,767,0,1,male,C,0,0,C,C
767,768,0,3,female,30.5,0,0,Q,C
768,769,0,3,male,C,1,0,Q,C
769,770,0,3,male,32.0,0,0,S,C
770,771,0,3,male,24.0,0,0,S,C
771,772,0,3,male,48.0,0,0,S,C
772,773,0,2,female,57.0,0,0,S,E
773,774,0,3,male,C,0,0,C,C
774,775,1,2,female,54.0,1,3,S,C
775,776,0,3,male,18.0,0,0,S,C
776,777,0,3,male,C,0,0,Q,F
777,778,1,3,female,5.0,0,0,S,C
778,779,0,3,male,C,0,0,Q,C
779,780,1,1,female,43.0,0,1,S,B
780,781,1,3,female,13.0,0,0,C,C
781,782,1,1,female,17.0,1,0,S,B
782,783,0,1,male,29.0,0,0,S,D
783,784,0,3,male,C,1,2,S,C
784,785,0,3,male,25.0,0,0,S,C
785,786,0,3,male,25.0,0,0,S,C
786,787,1,3,female,18.0,0,0,S,C
787,788,0,3,male,8.0,4,1,Q,C
788,789,1,3,male,1.0,1,2,S,C
789,790,0,1,male,46.0,0,0,C,B B
790,791,0,3,male,C,0,0,Q,C
791,792,0,2,male,16.0,0,0,S,C
792,793,0,3,female,C,8,2,S,C
793,794,0,1,male,C,0,0,C,C
794,795,0,3,male,25.0,0,0,S,C
795,796,0,2,male,39.0,0,0,S,C
796,797,1,1,female,49.0,0,0,S,D
797,798,1,3,female,31.0,0,0,S,C
798,799,0,3,male,30.0,0,0,C,C
799,800,0,3,female,30.0,1,1,S,C
800,801,0,2,male,34.0,0,0,S,C
801,802,1,2,female,31.0,1,1,S,C
802,803,1,1,male,11.0,1,2,S,B B
803,804,1,3,male,0.42,0,1,C,C
804,805,1,3,male,27.0,0,0,S,C
805,806,0,3,male,31.0,0,0,S,C
806,807,0,1,male,39.0,0,0,S,A
807,808,0,3,female,18.0,0,0,S,C
808,809,0,2,male,39.0,0,0,S,C
809,810,1,1,female,33.0,1,0,S,E
810,811,0,3,male,26.0,0,0,S,C
811,812,0,3,male,39.0,0,0,S,C
812,813,0,2,male,35.0,0,0,S,C
813,814,0,3,female,6.0,4,2,S,C
814,815,0,3,male,30.5,0,0,S,C
815,816,0,1,male,C,0,0,S,B
816,817,0,3,female,23.0,0,0,S,C
817,818,0,2,male,31.0,1,1,C,C
818,819,0,3,male,43.0,0,0,S,C
819,820,0,3,male,10.0,3,2,S,C
820,821,1,1,female,52.0,1,1,S,B
821,822,1,3,male,27.0,0,0,S,C
822,823,0,1,male,38.0,0,0,S,C
823,824,1,3,female,27.0,0,1,S,E
824,825,0,3,male,2.0,4,1,S,C
825,826,0,3,male,C,0,0,Q,C
826,827,0,3,male,C,0,0,S,C
827,828,1,2,male,1.0,0,2,C,C
828,829,1,3,male,C,0,0,Q,C
829,830,1,1,female,62.0,0,0,C,B
830,831,1,3,female,15.0,1,0,C,C
831,832,1,2,male,0.83,1,1,S,C
832,833,0,3,male,C,0,0,C,C
833,834,0,3,male,23.0,0,0,S,C
834,835,0,3,male,18.0,0,0,S,C
835,836,1,1,female,39.0,1,1,C,E
836,837,0,3,male,21.0,0,0,S,C
837,838,0,3,male,C,0,0,S,C
838,839,1,3,male,32.0,0,0,S,C
839,840,1,1,male,C,0,0,C,C
840,841,0,3,male,20.0,0,0,S,C
841,842,0,2,male,16.0,0,0,S,C
842,843,1,1,female,30.0,0,0,C,C
843,844,0,3,male,34.5,0,0,C,C
844,845,0,3,male,17.0,0,0,S,C
845,846,0,3,male,42.0,0,0,S,C
846,847,0,3,male,C,8,2,S,C
847,848,0,3,male,35.0,0,0,C,C
848,849,0,2,male,28.0,0,1,S,C
849,850,1,1,female,C,1,0,C,C
850,851,0,3,male,4.0,4,2,S,C
851,852,0,3,male,74.0,0,0,S,C
852,853,0,3,female,9.0,1,1,C,C
853,854,1,1,female,16.0,0,1,S,D
854,855,0,2,female,44.0,1,0,S,C
855,856,1,3,female,18.0,0,1,S,C
856,857,1,1,female,45.0,1,1,S,C
857,858,1,1,male,51.0,0,0,S,E
858,859,1,3,female,24.0,0,3,C,C
859,860,0,3,male,C,0,0,C,C
860,861,0,3,male,41.0,2,0,S,C
861,862,0,2,male,21.0,1,0,S,C
862,863,1,1,female,48.0,0,0,S,D
863,864,0,3,female,C,8,2,S,C
864,865,0,2,male,24.0,0,0,S,C
865,866,1,2,female,42.0,0,0,S,C
866,867,1,2,female,27.0,1,0,C,C
867,868,0,1,male,31.0,0,0,S,A
868,869,0,3,male,C,0,0,S,C
869,870,1,3,male,4.0,1,1,S,C
870,871,0,3,male,26.0,0,0,S,C
871,872,1,1,female,47.0,1,1,S,D
872,873,0,1,male,33.0,0,0,S,B B B
873,874,0,3,male,47.0,0,0,S,C
874,875,1,2,female,28.0,1,0,C,C
875,876,1,3,female,15.0,0,0,C,C
876,877,0,3,male,20.0,0,0,S,C
877,878,0,3,male,19.0,0,0,S,C
878,879,0,3,male,C,0,0,S,C
879,880,1,1,female,56.0,0,1,C,C
880,881,1,2,female,25.0,0,1,S,C
881,882,0,3,male,33.0,0,0,S,C
882,883,0,3,female,22.0,0,0,S,C
883,884,0,2,male,28.0,0,0,S,C
884,885,0,3,male,25.0,0,0,S,C
885,886,0,3,female,39.0,0,5,Q,C
886,887,0,2,male,27.0,0,0,S,C
887,888,1,1,female,19.0,0,0,S,B
888,889,0,3,female,C,1,2,S,C
889,890,1,1,male,26.0,0,0,C,C
890,891,0,3,male,32.0,0,0,Q,C
